{"val_loss": 1.9713994264602661, "epoch": 69, "_runtime": 782, "_timestamp": 1638742442, "_step": 139, "BLEU": 27.08911969775954, "_wandb": {"runtime": 780}}