{"val_loss": 2.0153464476267495, "epoch": 69, "_runtime": 864, "_timestamp": 1638710444, "_step": 139, "BLEU": 26.438714228109134, "_wandb": {"runtime": 863}}