{"val_loss": 2.201571464538574, "epoch": 69, "_runtime": 819, "_timestamp": 1638753617, "_step": 139, "BLEU": 19.95506963029913, "_wandb": {"runtime": 818}}