{"val_loss": 2.036325375239054, "epoch": 69, "_runtime": 793, "_timestamp": 1638749553, "_step": 139, "BLEU": 25.148947700955972, "_wandb": {"runtime": 792}}