{"val_loss": 2.00659187634786, "epoch": 69, "_runtime": 869, "_timestamp": 1638709575, "_step": 139, "BLEU": 25.90969077446235, "_wandb": {"runtime": 867}}