{"val_loss": 2.0460249980290732, "epoch": 69, "_runtime": 761, "_timestamp": 1638726919, "_step": 139, "BLEU": 25.407458063036355, "_wandb": {"runtime": 760}}