{"val_loss": 2.004681348800659, "epoch": 69, "_runtime": 753, "_timestamp": 1638733154, "_step": 139, "BLEU": 25.463383347647405, "_wandb": {"runtime": 752}}