{"val_loss": 2.113476832707723, "epoch": 69, "_runtime": 816, "_timestamp": 1638697784, "_step": 139, "BLEU": 23.028310803902915, "_wandb": {"runtime": 814}}