{"val_loss": 2.0439401865005493, "epoch": 69, "_runtime": 823, "_timestamp": 1638701147, "_step": 139, "BLEU": 25.331033991787915, "_wandb": {"runtime": 822}}