{"val_loss": 2.052902181943258, "epoch": 69, "_runtime": 765, "_timestamp": 1638727688, "_step": 139, "BLEU": 25.014217957416474, "_wandb": {"runtime": 764}}