{"val_loss": 2.079504609107971, "epoch": 69, "_runtime": 843, "_timestamp": 1638698630, "_step": 139, "BLEU": 23.445520636864988, "_wandb": {"runtime": 841}}