{"val_loss": 2.0095200141270957, "epoch": 69, "_runtime": 755, "_timestamp": 1638732398, "_step": 139, "BLEU": 24.95701973231347, "_wandb": {"runtime": 753}}