{"val_loss": 2.003028670946757, "epoch": 66, "_runtime": 722, "_timestamp": 1638735396, "_step": 133, "BLEU": 27.023079438840163, "_wandb": {"runtime": 721}}