{"val_loss": 2.7508840560913086, "epoch": 69, "_runtime": 880, "_timestamp": 1638711328, "_step": 139, "BLEU": 11.531541454909595, "_wandb": {"runtime": 878}}