{"val_loss": 1.981001377105713, "epoch": 67, "_runtime": 835, "_timestamp": 1638719041, "_step": 135, "BLEU": 26.922440332657217, "_wandb": {"runtime": 834}}