{"val_loss": 2.556461731592814, "epoch": 69, "_runtime": 793, "_timestamp": 1638744773, "_step": 139, "BLEU": 13.597526231642995, "_wandb": {"runtime": 791}}