{"val_loss": 2.467014789581299, "epoch": 69, "_runtime": 846, "_timestamp": 1638695320, "_step": 139, "BLEU": 15.491858621695165, "_wandb": {"runtime": 844}}