{"val_loss": 2.0314566691716514, "epoch": 69, "_runtime": 795, "_timestamp": 1638750352, "_step": 139, "BLEU": 24.997290085987586, "_wandb": {"runtime": 794}}