{"val_loss": 2.1622931559880576, "epoch": 69, "_runtime": 882, "_timestamp": 1638722600, "_step": 139, "BLEU": 21.38446755384262, "_wandb": {"runtime": 881}}