{"val_loss": 2.2114694118499756, "epoch": 69, "_runtime": 785, "_timestamp": 1638730059, "_step": 139, "BLEU": 20.8509765723009, "_wandb": {"runtime": 783}}