{"val_loss": 2.1483498414357505, "epoch": 69, "_runtime": 858, "_timestamp": 1638713048, "_step": 139, "BLEU": 21.88777609531676, "_wandb": {"runtime": 857}}