{"val_loss": 2.0628182888031006, "epoch": 41, "_runtime": 511, "_timestamp": 1638767161, "_step": 83, "BLEU": 24.48652524068824, "_wandb": {"runtime": 511}}