{"val_loss": 2.0676106611887612, "epoch": 69, "_runtime": 791, "_timestamp": 1638747958, "_step": 139, "BLEU": 24.07571217505665, "_wandb": {"runtime": 790}}