{"val_loss": 1.9572410186131795, "epoch": 65, "_runtime": 736, "_timestamp": 1638743182, "_step": 131, "BLEU": 26.967290296140327, "_wandb": {"runtime": 734}}