{"val_loss": 2.1745647192001343, "epoch": 69, "_runtime": 812, "_timestamp": 1638696964, "_step": 139, "BLEU": 21.656674332428448, "_wandb": {"runtime": 811}}