{"val_loss": 2.0073057413101196, "epoch": 69, "_runtime": 1006, "_timestamp": 1638756484, "_step": 139, "BLEU": 24.358334728573844, "_wandb": {"runtime": 1005}}