{"val_loss": 1.996922453244527, "epoch": 69, "_runtime": 1015, "_timestamp": 1638758529, "_step": 139, "BLEU": 26.33497725462457, "_wandb": {"runtime": 1013}}