{"val_loss": 1.9783393144607544, "epoch": 69, "_runtime": 1163, "_timestamp": 1638759696, "_step": 139, "BLEU": 27.02286340883745, "_wandb": {"runtime": 1161}}