{"val_loss": 1.9674463272094727, "epoch": 69, "_runtime": 866, "_timestamp": 1638718202, "_step": 139, "BLEU": 26.376474904434183, "_wandb": {"runtime": 865}}