{"val_loss": 2.0106157461802163, "epoch": 69, "_runtime": 781, "_timestamp": 1638739310, "_step": 139, "BLEU": 24.673699530491973, "_wandb": {"runtime": 780}}