{"val_loss": 2.046975612640381, "epoch": 66, "_runtime": 778, "_timestamp": 1638701929, "_step": 133, "BLEU": 24.354626594380257, "_wandb": {"runtime": 776}}