{"val_loss": 2.2935847441355386, "epoch": 69, "_runtime": 887, "_timestamp": 1638721713, "_step": 139, "BLEU": 19.014347378999506, "_wandb": {"runtime": 885}}