{"val_loss": 2.0846845706303916, "epoch": 69, "_runtime": 888, "_timestamp": 1638724382, "_step": 139, "BLEU": 23.46453597790573, "_wandb": {"runtime": 887}}