{"val_loss": 2.0455358028411865, "epoch": 69, "_runtime": 1038, "_timestamp": 1638764811, "_step": 139, "BLEU": 24.135677338364875, "_wandb": {"runtime": 1037}}