{"val_loss": 2.0686742464701333, "epoch": 69, "_runtime": 792, "_timestamp": 1638748754, "_step": 139, "BLEU": 24.883379927653333, "_wandb": {"runtime": 791}}