{"val_loss": 2.0010891358057656, "epoch": 69, "_runtime": 987, "_timestamp": 1638760687, "_step": 139, "BLEU": 26.973852226338536, "_wandb": {"runtime": 985}}