{"val_loss": 2.0016119480133057, "epoch": 69, "_runtime": 858, "_timestamp": 1638715640, "_step": 139, "BLEU": 25.849656085319577, "_wandb": {"runtime": 857}}