{"val_loss": 2.0470863580703735, "epoch": 69, "_runtime": 845, "_timestamp": 1638700320, "_step": 139, "BLEU": 24.87357871023848, "_wandb": {"runtime": 843}}