{"val_loss": 2.0471847454706826, "epoch": 69, "_runtime": 782, "_timestamp": 1638738525, "_step": 139, "BLEU": 24.369449798870477, "_wandb": {"runtime": 781}}