{"val_loss": 2.1063543558120728, "epoch": 69, "_runtime": 846, "_timestamp": 1638754467, "_step": 139, "BLEU": 22.934055390884314, "_wandb": {"runtime": 845}}