{"val_loss": 2.9916942914326987, "epoch": 69, "_runtime": 791, "_timestamp": 1638743976, "_step": 139, "BLEU": 6.765300122918741, "_wandb": {"runtime": 790}}