{"val_loss": 2.9617563088734946, "epoch": 69, "_runtime": 881, "_timestamp": 1638719927, "_step": 139, "BLEU": 7.92444291311979, "_wandb": {"runtime": 880}}