{"Loss_D": 0.166285440325737, "Loss_G": 4.912502765655518, "D(G(z))_1": 0.017524437978863716, "D(G(z))_2": 0.029771003872156143, "epoch": 29, "_runtime": 5176, "_timestamp": 1634230137, "_step": 47489, "_wandb": {"runtime": 5278}}