{"val_loss": 2.934907833735148, "epoch": 69, "_runtime": 818, "_timestamp": 1638694470, "_step": 139, "BLEU": 9.214989424071382, "_wandb": {"runtime": 817}}