{"val_loss": 2.0522119204203286, "epoch": 69, "_runtime": 877, "_timestamp": 1638725264, "_step": 139, "BLEU": 24.571662374453712, "_wandb": {"runtime": 875}}