{"val_loss": 2.853933413823446, "epoch": 69, "_runtime": 819, "_timestamp": 1638751970, "_step": 139, "BLEU": 9.509188286457338, "_wandb": {"runtime": 817}}