{"val_loss": 2.771103302637736, "epoch": 69, "_runtime": 1016, "_timestamp": 1638761707, "_step": 139, "BLEU": 11.267789715125746, "_wandb": {"runtime": 1015}}