{"val_loss": 2.379586935043335, "epoch": 69, "_runtime": 856, "_timestamp": 1638703636, "_step": 139, "BLEU": 17.399894769465902, "_wandb": {"runtime": 855}}