{"val_loss": 2.1325941483179727, "epoch": 69, "_runtime": 1036, "_timestamp": 1638763769, "_step": 139, "BLEU": 22.127295260818038, "_wandb": {"runtime": 1034}}