{"val_loss": 2.047477920850118, "epoch": 69, "_runtime": 1002, "_timestamp": 1638755473, "_step": 139, "BLEU": 25.066828524575975, "_wandb": {"runtime": 1001}}