{"val_loss": 2.0367029110590615, "epoch": 69, "_runtime": 867, "_timestamp": 1638713920, "_step": 139, "BLEU": 24.088037515526565, "_wandb": {"runtime": 866}}