{"val_loss": 2.140125552813212, "epoch": 69, "_runtime": 780, "_timestamp": 1638737739, "_step": 139, "BLEU": 22.639151078728435, "_wandb": {"runtime": 778}}