{"val_loss": 2.1070414781570435, "epoch": 69, "_runtime": 792, "_timestamp": 1638747163, "_step": 139, "BLEU": 22.9432741900406, "_wandb": {"runtime": 791}}