{"val_loss": 1.995885173479716, "epoch": 69, "_runtime": 754, "_timestamp": 1638733912, "_step": 139, "BLEU": 25.323746033653837, "_wandb": {"runtime": 752}}