{"val_loss": 2.4935515721639, "epoch": 69, "_runtime": 890, "_timestamp": 1638720822, "_step": 139, "BLEU": 14.691924858273506, "_wandb": {"runtime": 889}}