{"val_loss": 2.20408562819163, "epoch": 69, "_runtime": 795, "_timestamp": 1638746367, "_step": 139, "BLEU": 19.910326602191848, "_wandb": {"runtime": 794}}