{"val_loss": 1.9805784225463867, "epoch": 69, "_runtime": 886, "_timestamp": 1638766646, "_step": 139, "BLEU": 26.001144191110615, "_wandb": {"runtime": 884}}