{"val_loss": 2.764296611150106, "epoch": 69, "_runtime": 775, "_timestamp": 1638736175, "_step": 139, "BLEU": 11.583745500145614, "_wandb": {"runtime": 773}}