{"val_loss": 2.0108047326405845, "epoch": 69, "_runtime": 832, "_timestamp": 1638707856, "_step": 139, "BLEU": 25.13254979617449, "_wandb": {"runtime": 831}}