{"val_loss": 2.0107478300730386, "epoch": 69, "_runtime": 1022, "_timestamp": 1638757510, "_step": 139, "BLEU": 26.121559939280363, "_wandb": {"runtime": 1020}}