{"val_loss": 2.8659093379974365, "epoch": 69, "_runtime": 786, "_timestamp": 1638728478, "_step": 139, "BLEU": 9.523374975992144, "_wandb": {"runtime": 785}}