{"val_loss": 3.601055065790812, "epoch": 4, "_runtime": 88, "_timestamp": 1638764903, "_step": 9, "BLEU": 3.413037031935136}