{"val_loss": 1.9970144033432007, "epoch": 69, "_runtime": 938, "_timestamp": 1638765753, "_step": 139, "BLEU": 25.40012811712216, "_wandb": {"runtime": 937}}