{"val_loss": 1.9804643392562866, "epoch": 69, "_runtime": 780, "_timestamp": 1638741656, "_step": 139, "BLEU": 26.41944408040093, "_wandb": {"runtime": 779}}