{"val_loss": 1.9770193894704182, "epoch": 69, "_runtime": 869, "_timestamp": 1638716513, "_step": 139, "BLEU": 26.100329273543498, "_wandb": {"runtime": 868}}