{"val_loss": 2.401496171951294, "epoch": 69, "_runtime": 787, "_timestamp": 1638729270, "_step": 139, "BLEU": 16.693055111882682, "_wandb": {"runtime": 786}}