{"val_loss": 2.064421455065409, "epoch": 69, "_runtime": 799, "_timestamp": 1638706170, "_step": 139, "BLEU": 23.649777717399605, "_wandb": {"runtime": 798}}