{"val_loss": 2.319692055384318, "epoch": 69, "_runtime": 1017, "_timestamp": 1638762728, "_step": 139, "BLEU": 18.05005014850092, "_wandb": {"runtime": 1016}}