{"val_loss": 2.313622752825419, "epoch": 69, "_runtime": 855, "_timestamp": 1638712186, "_step": 139, "BLEU": 18.51995341203369, "_wandb": {"runtime": 853}}