{"val_loss": 2.1157047351201377, "epoch": 69, "_runtime": 846, "_timestamp": 1638705367, "_step": 139, "BLEU": 22.90041216881718, "_wandb": {"runtime": 845}}