{"val_loss": 1.9801644484202068, "epoch": 69, "_runtime": 815, "_timestamp": 1638717332, "_step": 139, "BLEU": 27.485115284814967, "_wandb": {"runtime": 813}}