{"val_loss": 2.055431524912516, "epoch": 69, "_runtime": 791, "_timestamp": 1638751147, "_step": 139, "BLEU": 26.752425817649485, "_wandb": {"runtime": 789}}