{"val_loss": 2.4249987602233887, "epoch": 69, "_runtime": 820, "_timestamp": 1638752794, "_step": 139, "BLEU": 16.60138458971532, "_wandb": {"runtime": 819}}