{"val_loss": 2.0540757179260254, "epoch": 69, "_runtime": 887, "_timestamp": 1638726154, "_step": 139, "BLEU": 24.526130758042246, "_wandb": {"runtime": 885}}