{"Loss_D": 0.21044649183750153, "Loss_G": 3.8197226524353027, "D(G(z))_1": 0.03309955075383186, "D(G(z))_2": 0.04113978520035744, "epoch": 5, "_runtime": 3015, "_timestamp": 1634273416, "_step": 9112}