{"Loss_D": 0.18398207426071167, "Loss_G": 3.5975613594055176, "D(G(z))_1": 0.08330114185810089, "D(G(z))_2": 0.03692399710416794, "epoch": 3, "_runtime": 2044, "_timestamp": 1634272445, "_step": 6230}