{"Loss_D": 0.263390451669693, "Loss_G": 3.6887574195861816, "D(G(z))_1": 0.016855770722031593, "D(G(z))_2": 0.04277065396308899, "epoch": 6, "_runtime": 3474, "_timestamp": 1634273875, "_step": 10490}