{"Loss_D": 0.6609338521957397, "Loss_G": 2.7509031295776367, "D(G(z))_1": 0.033378005027770996, "D(G(z))_2": 0.1331401765346527, "epoch": 5, "_runtime": 2902, "_timestamp": 1634273303, "_step": 8772}