{"val_loss": 2.0454261302948, "epoch": 69, "_runtime": 786, "_timestamp": 1638731639, "_step": 139, "BLEU": 24.31541892126408, "_wandb": {"runtime": 785}}