{"val_loss": 3.0569381713867188, "epoch": 49, "_runtime": 940, "_timestamp": 1638693491, "_step": 99, "BLEU": 0.06291385894708998, "_wandb": {"runtime": 939}}