{"val_loss": 2.2049742937088013, "epoch": 69, "_runtime": 875, "_timestamp": 1638704516, "_step": 139, "BLEU": 20.596777965184906, "_wandb": {"runtime": 874}}