{"val_loss": 2.111623684565226, "epoch": 69, "_runtime": 886, "_timestamp": 1638723490, "_step": 139, "BLEU": 23.380422206553185, "_wandb": {"runtime": 885}}