{"val_loss": 1.9889732996622722, "epoch": 69, "_runtime": 754, "_timestamp": 1638734670, "_step": 139, "BLEU": 26.152596050498754, "_wandb": {"runtime": 753}}