{"val_loss": 1.966350754102071, "epoch": 69, "_runtime": 776, "_timestamp": 1638740090, "_step": 139, "BLEU": 25.88921822884916, "_wandb": {"runtime": 775}}