{"val_loss": 2.307884414990743, "epoch": 69, "_runtime": 790, "_timestamp": 1638745568, "_step": 139, "BLEU": 18.028804045660678, "_wandb": {"runtime": 789}}