{"val_loss": 2.8338142236073813, "epoch": 69, "_runtime": 843, "_timestamp": 1638702776, "_step": 139, "BLEU": 10.448100137759234, "_wandb": {"runtime": 842}}