{"val_loss": 2.0352397759755454, "epoch": 69, "_runtime": 845, "_timestamp": 1638707019, "_step": 139, "BLEU": 24.36839223726711, "_wandb": {"runtime": 844}}