{"val_loss": 2.328577677408854, "epoch": 69, "_runtime": 777, "_timestamp": 1638736955, "_step": 139, "BLEU": 18.519506655091035, "_wandb": {"runtime": 776}}