{"val_loss": 2.102479020754496, "epoch": 69, "_runtime": 786, "_timestamp": 1638730848, "_step": 139, "BLEU": 22.715236371676973, "_wandb": {"runtime": 784}}