{"val_loss": 1.9633502165476482, "epoch": 69, "_runtime": 778, "_timestamp": 1638740872, "_step": 139, "BLEU": 26.002842296276295, "_wandb": {"runtime": 777}}