{"val_loss": 2.258496125539144, "epoch": 69, "_runtime": 823, "_timestamp": 1638696147, "_step": 139, "BLEU": 19.068286716406142, "_wandb": {"runtime": 822}}