{"val_loss": 2.020671526590983, "epoch": 69, "_runtime": 842, "_timestamp": 1638708702, "_step": 139, "BLEU": 25.572822558250063, "_wandb": {"runtime": 840}}