{"val_loss": 2.0109862883885703, "epoch": 69, "_runtime": 853, "_timestamp": 1638714777, "_step": 139, "BLEU": 26.07178000159806, "_wandb": {"runtime": 852}}