{"val_loss": 2.0668280124664307, "epoch": 69, "_runtime": 836, "_timestamp": 1638699470, "_step": 139, "BLEU": 24.480280565653175, "_wandb": {"runtime": 835}}